Group 1	Group 2	H	p-value	q-value	Groups
G_2 (n=6)	R_2 (n=9)	2.7222222222222285	0.09896015401940557	0.2474003850485139	G_2-R_2
G_3 (n=10)	R_3 (n=9)	0.5399999999999991	0.4624327264504765	0.6335998053963423	G_3-R_3
G_4 (n=8)	R_4 (n=9)	1.8148148148148169	0.17793172526825055	0.3624535144353252	G_4-R_4
G_5 (n=18)	R_5 (n=17)	5.337690631808286	0.020869102003803416	0.09565005085076568	G_5-R_5
G_6 (n=19)	R_6 (n=16)	4.776315789473699	0.02885378879334743	0.10554451212724301	G_6-R_6
