Group 1	Group 2	H	p-value	q-value	Groups
G_2 (n=6)	R_2 (n=9)	3.5555555555555562	0.05934643879191993	0.18133634075308866	G_2-R_2
G_3 (n=10)	R_3 (n=9)	0.5399999999999991	0.4624327264504765	0.6358449988694052	G_3-R_3
G_4 (n=8)	R_4 (n=9)	1.3333333333333357	0.24821307898991984	0.47074894291191705	G_4-R_4
G_5 (n=18)	R_5 (n=17)	5.805010893246192	0.015980568803213652	0.07990284401606826	G_5-R_5
G_6 (n=19)	R_6 (n=16)	4.6326754385965065	0.031368611746454285	0.1150182430703324	G_6-R_6
