Group 1	Group 2	H	p-value	q-value	Groups
G_2 (n=6)	R_2 (n=9)	1.6805555555555571	0.1948506486088656	0.2820206756180949	G_2-R_2
G_3 (n=10)	R_3 (n=9)	0.326666666666668	0.5676284992633349	0.6937681657662983	G_3-R_3
G_4 (n=8)	R_4 (n=9)	0.009259259259259522	0.9233418401809054	0.9404407631472184	G_4-R_4
G_5 (n=18)	R_5 (n=17)	10.24945533769065	0.0013672496347337374	0.01070175531556532	G_5-R_5
G_6 (n=19)	R_6 (n=16)	2.3201754385965074	0.12770562215496653	0.200680263386376	G_6-R_6
