Group 1	Group 2	H	p-value	q-value	Groups
G_2 (n=6)	R_2 (n=9)	1.6805555555555571	0.1948506486088656	0.2896428560402056	G_2-R_2
G_3 (n=10)	R_3 (n=9)	0.24000000000000196	0.6242061147664044	0.7629185847144943	G_3-R_3
G_4 (n=8)	R_4 (n=9)	0.0833333333333357	0.7728299926844444	0.8380746284244996	G_4-R_4
G_5 (n=18)	R_5 (n=17)	9.62527233115469	0.00191917990099254	0.011415596091584868	G_5-R_5
G_6 (n=19)	R_6 (n=16)	1.8432017543859731	0.17457614523859366	0.26671355522562923	G_6-R_6
