Group 1	Group 2	H	p-value	q-value	Groups
G_2 (n=6)	R_2 (n=9)	0.7826475849731663	0.3763326353427694	0.5445347970669215	G_2-R_2
G_3 (n=10)	R_3 (n=9)	0.5399999999999991	0.4624327264504765	0.6055666655899097	G_3-R_3
G_4 (n=8)	R_4 (n=9)	0.009259259259259522	0.9233418401809054	0.9548528001762944	G_4-R_4
G_5 (n=18)	R_5 (n=17)	10.145484116978738	0.001446551697586851	0.015525257083717287	G_5-R_5
G_6 (n=19)	R_6 (n=16)	2.9085762232658268	0.08810962728161258	0.17307248216031046	G_6-R_6
