Group 1	Group 2	H	p-value	q-value	Groups
G_2 (n=6)	R_2 (n=9)	2.3556352050975766	0.12483102849072092	0.20805171415120155	G_2-R_2
G_3 (n=10)	R_3 (n=9)	0.10676031606672766	0.7438630522159744	0.8170419569134769	G_3-R_3
G_4 (n=8)	R_4 (n=9)	0.0	1.0	1.0	G_4-R_4
G_5 (n=18)	R_5 (n=17)	11.112200435729878	0.0008576168032313951	0.007861487362954455	G_5-R_5
G_6 (n=19)	R_6 (n=16)	3.752992734497688	0.05271305119111346	0.11029372322093756	G_6-R_6
