Group 1	Group 2	H	p-value	q-value	Groups
G_2 (n=6)	R_2 (n=9)	2.7222222222222285	0.09896015401940557	0.2099461395645224	G_2-R_2
G_3 (n=10)	R_3 (n=9)	0.5399999999999991	0.4624327264504765	0.6055666655899097	G_3-R_3
G_4 (n=8)	R_4 (n=9)	0.75	0.3864762307712325	0.5450305818568664	G_4-R_4
G_5 (n=18)	R_5 (n=17)	10.24945533769065	0.0013672496347337374	0.021202081572924268	G_5-R_5
G_6 (n=19)	R_6 (n=16)	4.6326754385965065	0.031368611746454285	0.09937944275516804	G_6-R_6
