Group 1	Group 2	H	p-value	q-value	Groups
G_2 (n=6)	R_2 (n=9)	2.7222222222222285	0.09896015401940557	0.2406396030932149	G_2-R_2
G_3 (n=10)	R_3 (n=9)	1.1266666666666725	0.28848746332348496	0.4215930672975064	G_3-R_3
G_4 (n=8)	R_4 (n=9)	1.5648148148148169	0.2109616290358561	0.3625902999053777	G_4-R_4
G_5 (n=18)	R_5 (n=17)	8.823529411764712	0.002973709435809941	0.040888504742386686	G_5-R_5
G_6 (n=19)	R_6 (n=16)	3.5625000000000138	0.05909866851003046	0.16252133840258376	G_6-R_6
